{"cameraMode":{"drawMode":0,"name":"Shaded","section":"Shading Mode"},"sceneLighting":false,"audioPlay":false,"sceneViewState":{"showFog":true,"showMaterialUpdate":false,"showSkybox":false,"showFlares":true,"showImageEffects":true,"showParticleSystems":true,"showVisualEffectGraphs":true,"m_FxEnabled":true},"in2DMode":false,"pivot":{"x":-6.909926891326904,"y":7.897026062011719,"z":-20.76655387878418},"rotation":{"x":0.14914165437221528,"y":0.022639518603682519,"z":-0.0028490214608609678,"w":0.9887816905975342},"size":1.5323591232299805,"orthographic":false}