{"cameraMode":{"drawMode":0,"name":"Shaded","section":"Shading Mode"},"sceneLighting":false,"audioPlay":false,"sceneViewState":{"showFog":true,"showMaterialUpdate":false,"showSkybox":false,"showFlares":true,"showImageEffects":true,"showParticleSystems":true,"showVisualEffectGraphs":true,"m_FxEnabled":true},"in2DMode":false,"pivot":{"x":-25.460857391357423,"y":-16.595792770385743,"z":-47.044803619384769},"rotation":{"x":0.005427603144198656,"y":-0.9801616668701172,"z":0.2018408328294754,"w":0.02461802214384079},"size":25.288589477539064,"orthographic":false}